{
 "t1/t20": {
  "n_train": 2409881,
  "n_val": 340375,
  "models": {
   "B0_marginal": {
    "seed": 1337,
    "fit_seconds": 0.0,
    "pre": {
     "nll": 1.6959701031439152,
     "brier": 0.7574871545095031,
     "ece": 0.004970846281220038
    },
    "post": {
     "nll": 1.6953237526876055,
     "brier": 0.7573061960376295,
     "ece": 0.004721938650278686
    },
    "calibration": {
     "method": "temperature",
     "T": 1.0396
    }
   },
   "B1_table": {
    "seed": 1337,
    "fit_seconds": 32.9,
    "pre": {
     "nll": 1.6603897684625804,
     "brier": 0.7418497887162664,
     "ece": 0.004942047078467152
    },
    "post": {
     "nll": 1.659498264495189,
     "brier": 0.7415942606447415,
     "ece": 0.004278553279642378
    },
    "calibration": {
     "method": "temperature",
     "T": 1.0453
    },
    "tau": 200.0
   },
   "B2_logistic": {
    "seed": 1337,
    "fit_seconds": 845.9,
    "pre": {
     "nll": 1.6413585444053924,
     "brier": 0.7359563570741505,
     "ece": 0.005080869268693492
    },
    "post": {
     "nll": 1.6406936333259592,
     "brier": 0.7357522210573805,
     "ece": 0.004525726367769185
    },
    "calibration": {
     "method": "temperature",
     "T": 1.0387
    },
    "C": 10.0
   },
   "B3_gbm": {
    "seed": 1337,
    "fit_seconds": 1200.9,
    "pre": {
     "nll": 1.6267207063293174,
     "brier": 0.7311498546439368,
     "ece": 0.004173736257270733
    },
    "post": {
     "nll": 1.6260430090679927,
     "brier": 0.730921928392757,
     "ece": 0.0033986517402868547
    },
    "calibration": {
     "method": "temperature",
     "T": 1.0392
    },
    "n_iter": 125
   }
  },
  "canaries": {
   "ladder_inversion": {
    "passed": true,
    "detail": "B0 1.695970, B2 1.641359 (ok=True), B3 1.626721 (ok=True)"
   },
   "shuffled_target": {
    "passed": true,
    "detail": "shuffled-B2 val NLL 1.695989 vs B0 1.695970 (delta +0.000019, eps 0.01)"
   }
  },
  "runtime_seconds": 2282.9
 },
 "t1/odi": {
  "n_train": 1451638,
  "n_val": 79758,
  "models": {
   "B0_marginal": {
    "seed": 1337,
    "fit_seconds": 0.0,
    "pre": {
     "nll": 1.3951933267823584,
     "brier": 0.658838941061561,
     "ece": 0.0022611888607402203
    },
    "post": {
     "nll": 1.3951672961596675,
     "brier": 0.6588107192842226,
     "ece": 0.001962138351678976
    },
    "calibration": {
     "method": "temperature",
     "T": 1.0068
    }
   },
   "B1_table": {
    "seed": 1337,
    "fit_seconds": 24.6,
    "pre": {
     "nll": 1.3600268459588833,
     "brier": 0.6406151267284093,
     "ece": 0.0036434114796425497
    },
    "post": {
     "nll": 1.3600013658946704,
     "brier": 0.6405778429555765,
     "ece": 0.003519478751598937
    },
    "calibration": {
     "method": "temperature",
     "T": 1.0067
    },
    "tau": 800.0
   },
   "B2_logistic": {
    "seed": 1337,
    "fit_seconds": 127.7,
    "pre": {
     "nll": 1.3523700417373028,
     "brier": 0.6363974893323309,
     "ece": 0.004664640333954701
    },
    "post": {
     "nll": 1.3523700398173726,
     "brier": 0.6363978224040013,
     "ece": 0.004667578502036743
    },
    "calibration": {
     "method": "temperature",
     "T": 0.9999
    },
    "C": 0.01
   },
   "B3_gbm": {
    "seed": 1337,
    "fit_seconds": 520.3,
    "pre": {
     "nll": 1.339250773694315,
     "brier": 0.6314762153190937,
     "ece": 0.003214069735717105
    },
    "post": {
     "nll": 1.3392076649456661,
     "brier": 0.6314296872263984,
     "ece": 0.0030089829671862095
    },
    "calibration": {
     "method": "temperature",
     "T": 1.0087
    },
    "n_iter": 50
   }
  },
  "canaries": {
   "ladder_inversion": {
    "passed": true,
    "detail": "B0 1.395193, B2 1.352370 (ok=True), B3 1.339251 (ok=True)"
   },
   "shuffled_target": {
    "passed": true,
    "detail": "shuffled-B2 val NLL 1.394732 vs B0 1.395193 (delta -0.000461, eps 0.01)"
   }
  },
  "runtime_seconds": 761.0
 },
 "t2/t20": {
  "n_train": 2400926,
  "n_val": 339411,
  "models": {
   "B0_marginal": {
    "seed": 1337,
    "fit_seconds": 0.0,
    "pre": {
     "nll": 0.6946804179864339,
     "brier": 0.25076604487575443,
     "ece": 0.028777361780983113
    },
    "post_platt": {
     "nll": 0.6930229920682979,
     "brier": 0.2499379083246824,
     "ece": 3.8857321471574835e-08
    },
    "post_isotonic": {
     "nll": 0.6930229920682948,
     "brier": 0.2499379083246809,
     "ece": 0.0
    },
    "calibration": {
     "leaderboard_method": "isotonic",
     "n_labeled_val_matches": 1477,
     "platt": {
      "a": -0.0026,
      "b": 0.0313
     }
    }
   },
   "B1_table": {
    "seed": 1337,
    "fit_seconds": 30.1,
    "pre": {
     "nll": 0.5482506034688313,
     "brier": 0.18781175876687994,
     "ece": 0.016254939627294504
    },
    "post_platt": {
     "nll": 0.5477600300438121,
     "brier": 0.18768400094315438,
     "ece": 0.012229271752072956
    },
    "post_isotonic": {
     "nll": 0.5455782920009745,
     "brier": 0.18704902476245897,
     "ece": 6.408844193536607e-17
    },
    "calibration": {
     "leaderboard_method": "isotonic",
     "n_labeled_val_matches": 1477,
     "platt": {
      "a": 0.9368,
      "b": 0.0385
     }
    },
    "tau": 200.0
   },
   "B2_logistic": {
    "seed": 1337,
    "fit_seconds": 48.9,
    "pre": {
     "nll": 0.5223536122566279,
     "brier": 0.17808384690324366,
     "ece": 0.007103936509310643
    },
    "post_platt": {
     "nll": 0.5222507618130946,
     "brier": 0.17806606930210034,
     "ece": 0.006977464984184769
    },
    "post_isotonic": {
     "nll": 0.5205444268565178,
     "brier": 0.17781270567147325,
     "ece": 7.5693232986964e-17
    },
    "calibration": {
     "leaderboard_method": "isotonic",
     "n_labeled_val_matches": 1477,
     "platt": {
      "a": 0.9659,
      "b": -0.0123
     }
    },
    "C": 10.0
   },
   "B3_gbm": {
    "seed": 1337,
    "fit_seconds": 117.2,
    "pre": {
     "nll": 0.5102101260055264,
     "brier": 0.1742723543956693,
     "ece": 0.017508765323457826
    },
    "post_platt": {
     "nll": 0.5091733279031719,
     "brier": 0.1738819925840877,
     "ece": 0.010909935067071603
    },
    "post_isotonic": {
     "nll": 0.5076494061868363,
     "brier": 0.17351792597459945,
     "ece": 9.306389648773892e-17
    },
    "calibration": {
     "leaderboard_method": "isotonic",
     "n_labeled_val_matches": 1477,
     "platt": {
      "a": 0.898,
      "b": -0.01
     }
    },
    "n_iter": 150
   }
  },
  "canaries": {
   "ladder_inversion": {
    "passed": true,
    "detail": "B0 0.694680, B2 0.522354 (ok=True), B3 0.510210 (ok=True)"
   },
   "shuffled_target": {
    "passed": true,
    "detail": "shuffled-B2 val NLL 0.693200 vs B0 0.694680 (delta -0.001481, eps 0.01)"
   }
  },